{"percent": 0.3875, "loss": 1.8404777884483337, "direction_loss": 1.4335213541984557, "shift_loss": 0.40695645213127135}